Comuna;Nombre Comuna;Barrio;Nombre Barrio;codigoBarrioComuna;2014;2015;2016;2017;2018;2019
1;POPULAR;1;SANTO DOMINGO SAVIO # 1;101;4461;4400;4393;4426;4333;4337
1;POPULAR;2;SANTO DOMINGO SAVIO # 2;102;1545;1547;1558;1577;1555;1573
1;POPULAR;3;POPULAR;103;3966;3977;3981;4037;4017;4020
1;POPULAR;4;GRANIZAL;104;2186;2205;2211;2250;2228;2238
1;POPULAR;5;MOSCU # 2;105;2826;2831;2840;2888;2868;2857
1;POPULAR;6;VILLA GUADALUPE;106;2225;2248;2273;2333;2302;2315
1;POPULAR;7;SAN PABLO;107;2287;2304;2332;2400;2358;2369
1;POPULAR;8;EL COMPROMISO;108;951;953;956;965;960;966
1;POPULAR;9;ALDEA PABLO VI;109;265;265;265;272;266;267
1;POPULAR;10;LA ESPERANZA # 2;110;568;563;554;561;556;553
1;POPULAR;11;LA AVANZADA;111;1201;1209;1218;1247;1237;1250
1;POPULAR;12;CARPINELO;112;2078;2095;2092;2133;2097;2093
2;SANTA CRUZ;1;LA ISLA;201;2131;2145;2161;2209;2158;2162
2;SANTA CRUZ;2;PLAYON DE LOS COMUNEROS;202;1789;1772;1779;1819;1805;1804
2;SANTA CRUZ;3;PABLO VI;203;845;854;861;906;894;897
2;SANTA CRUZ;4;LA FRONTERA;204;1072;1083;1098;1123;1106;1074
2;SANTA CRUZ;5;LA FRANCIA;205;2304;2374;2389;2460;2420;2433
2;SANTA CRUZ;6;ANDALUCIA;206;2014;2105;2123;2184;2168;2191
2;SANTA CRUZ;7;VILLA DEL SOCORRO;207;2464;2559;2570;2633;2615;2621
2;SANTA CRUZ;8;VILLA NIZA;208;1088;1082;1100;1143;1142;1154
2;SANTA CRUZ;9;MOSCU # 1;209;1660;1683;1699;1721;1729;1740
2;SANTA CRUZ;10;SANTA CRUZ;210;2536;2559;2588;2656;2633;2679
2;SANTA CRUZ;11;LA ROSA;211;1421;1439;1448;1470;1488;1507
2;SANTA CRUZ;99;ILOCALIZADO SANTA CRUZ;299;1;1;1;1;1;1
3;MANRRIQUE;1;LA SALLE;301;3387;3415;3436;3551;3471;3487
3;MANRRIQUE;2;LAS GRANJAS;302;5547;5578;5629;5756;5718;5745
3;MANRRIQUE;3;CAMPO VALDES # 2;303;3810;3838;3863;3994;3950;3988
3;MANRRIQUE;4;SANTA INES;304;2581;2599;2627;2726;2665;2691
3;MANRRIQUE;5;EL RAIZAL;305;2230;2267;2273;2345;2304;2317
3;MANRRIQUE;6;EL POMAR;306;894;902;925;963;939;950
3;MANRRIQUE;7;MANRIQUE CENTRAL # 2;307;1325;1334;1340;1365;1378;1401
3;MANRRIQUE;8;MANRIQUE ORIENTAL;308;3128;3141;3162;3222;3182;3197
3;MANRRIQUE;9;VERSALLES # 1;309;3406;3427;3440;3517;3472;3449
3;MANRRIQUE;10;VERSALLES # 2;310;720;723;729;755;738;748
3;MANRRIQUE;11;LA CRUZ;311;1708;1715;1874;1917;1894;1910
3;MANRRIQUE;12;ORIENTE;312;1275;1305;1345;1410;1418;1430
3;MANRRIQUE;13;MARIA CANO CARAMBOLAS;313;865;896;902;920;925;934
3;MANRRIQUE;14;SAN JOSE DE LA CIMA # 1;314;385;390;387;396;385;390
3;MANRRIQUE;15;SAN JOSE DE LA CIMA # 2;315;513;505;507;522;511;516
4;ARANJUEZ;1;BERLIN;401;2329;2643;2658;2722;2686;2717
4;ARANJUEZ;2;SAN ISIDRO;402;3372;3407;3440;3575;3537;3606
4;ARANJUEZ;3;PALERMO;403;1137;1104;1087;1079;1061;1054
4;ARANJUEZ;4;BERMEJAL LOS ALAMOS;404;1500;1640;1665;1884;1892;1924
4;ARANJUEZ;5;MORAVIA;405;4366;4322;4306;4384;4302;4275
4;ARANJUEZ;7;SEVILLA;407;560;561;566;570;572;575
4;ARANJUEZ;8;SAN PEDRO;408;1192;1189;1198;1215;1211;1215
4;ARANJUEZ;9;MANRIQUE CENTRAL # 1;409;2379;2395;2418;2477;2490;2501
4;ARANJUEZ;10;CAMPO VALDES # 1;410;3178;3203;3219;3306;3283;3317
4;ARANJUEZ;11;LAS ESMERALDAS;411;1369;1407;1424;1462;1464;1489
4;ARANJUEZ;12;LA PINUELA;412;1854;1887;1893;1952;1933;1952
4;ARANJUEZ;13;ARANJUEZ;413;2274;2290;2297;2349;2342;2444
4;ARANJUEZ;14;BRASILIA;414;2631;2651;2661;2750;2737;2786
4;ARANJUEZ;15;MIRANDA;415;1356;1366;1381;1404;1396;1651
5;CASTILLA;1;TOSCANA;501;1494;1507;1514;1548;1523;1542
5;CASTILLA;2;LAS BRISAS;502;1893;1911;1929;2011;1994;2027
5;CASTILLA;3;FLORENCIA;503;2515;2523;2543;2662;2639;2704
5;CASTILLA;4;TEJELO;504;2679;2709;2718;2802;2786;2840
5;CASTILLA;5;BOYACA;505;1517;1548;1561;1596;1598;1620
5;CASTILLA;7;HECTOR ABAD GOMEZ;507;1075;1112;1128;1168;1175;1104
5;CASTILLA;8;BELALCAZAR;508;1167;1179;1183;1208;1196;1214
5;CASTILLA;9;GIRARDOT;509;2448;2481;2507;2563;2553;2582
5;CASTILLA;10;TRICENTENARIO;510;2117;2119;2119;2117;2119;2118
5;CASTILLA;11;CASTILLA;511;4874;4904;4920;5170;5090;5141
5;CASTILLA;12;OLEODUCTO;512;62;28;32;34;33;33
5;CASTILLA;13;FRANCISCO ANTONIO ZEA;513;2372;2379;2393;2436;2410;2419
5;CASTILLA;14;ALFONSO LOPEZ;514;2617;2628;2634;2720;2692;2713
5;CASTILLA;15;CEMENTERIO UNIVERSAL;515;6;5;5;6;4;4
5;CASTILLA;17;CARIBE;517;186;183;187;195;187;187
5;CASTILLA;19;PROGRESO;519;1129;1136;1147;1155;1155;1161
6;DOCE DE OCTUBRE;1;SANTANDER;601;2607;2631;2667;2726;2703;2729
6;DOCE DE OCTUBRE;2;DOCE DE OCTUBRE # 1;602;2933;2953;2980;3074;3025;3057
6;DOCE DE OCTUBRE;3;DOCE DE OCTUBRE # 2;603;3038;3074;3110;3247;3232;3275
6;DOCE DE OCTUBRE;4;PEDREGAL;604;4236;4268;4299;4571;4433;4481
6;DOCE DE OCTUBRE;5;LA ESPERANZA;605;4713;4741;4763;4877;4869;4910
6;DOCE DE OCTUBRE;6;SAN MARTIN DE PORRES;606;3094;3117;3138;3205;3187;3232
6;DOCE DE OCTUBRE;7;KENNEDY;607;5631;5676;5722;5912;5834;5878
6;DOCE DE OCTUBRE;8;PICACHO;608;4017;4061;5101;5171;5143;5161
6;DOCE DE OCTUBRE;9;PICACHITO;609;942;939;937;963;942;926
6;DOCE DE OCTUBRE;10;MIRADOR DEL DOCE;610;714;715;704;689;686;683
6;DOCE DE OCTUBRE;11;EL PROGRESO # 2;611;913;921;935;967;945;949
6;DOCE DE OCTUBRE;12;EL TRIUNFO;612;705;711;710;724;719;719
7;ROBLEDO;1;UNIVERSIDAD NACIONAL;701;12;11;11;11;10;10
7;ROBLEDO;2;CERRO  VOLADOR;702;441;443;443;447;440;439
7;ROBLEDO;3;SAN GERMAN;703;1565;1690;2219;2971;3846;4267
7;ROBLEDO;5;FACULTAD DE MINAS;705;184;184;184;184;184;184
7;ROBLEDO;6;LA PILARICA;706;2260;2259;2722;2877;2944;3071
7;ROBLEDO;7;BOSQUES DE SAN PABLO;707;801;802;802;810;811;815
7;ROBLEDO;8;ALTAMIRA;708;1985;1985;1986;1991;1990;1992
7;ROBLEDO;9;CORDOBA;709;1980;2004;2244;2293;2273;2283
7;ROBLEDO;10;LOPEZ DE MESA;710;1233;1242;1259;1265;1269;1280
7;ROBLEDO;11;EL DIAMANTE;711;3701;3724;3771;3853;3818;3953
7;ROBLEDO;12;AURES # 2;712;3571;3613;3650;3786;3736;3790
7;ROBLEDO;13;AURES # 1;713;4574;4892;4916;5095;5024;5048
7;ROBLEDO;14;BELLO HORIZONTE;714;2011;2037;2053;2101;2092;2109
7;ROBLEDO;15;VILLA FLORA;715;1584;1588;1591;1599;1599;1594
7;ROBLEDO;16;PALENQUE;716;2477;2483;2486;2501;2635;2638
7;ROBLEDO;17;ROBLEDO;717;1758;1754;1754;1768;1788;1800
7;ROBLEDO;18;CUCARACHO;718;3942;4080;4098;4144;4125;4129
7;ROBLEDO;19;FUENTE CLARA;719;526;482;482;515;491;492
7;ROBLEDO;20;SANTA MARGARITA;720;1615;1643;1886;2189;2167;2184
7;ROBLEDO;22;OLAYA HERRERA;722;1610;1636;1627;1703;1694;1743
7;ROBLEDO;23;PAJARITO;723;1303;1434;1436;1689;1687;1687
7;ROBLEDO;24;MONTECLARO;724;3449;3926;4105;4136;4160;4184
7;ROBLEDO;25;NUEVA VILLA DE LA IGUANA;725;425;436;440;447;447;455
8;VILLA HERMOSA;1;VILLA HERMOSA;801;2639;2664;2682;2759;2729;2771
8;VILLA HERMOSA;2;LA MANSION;802;2275;2294;2483;2617;2602;2617
8;VILLA HERMOSA;3;SAN MIGUEL;803;2941;2952;2964;3140;3162;3181
8;VILLA HERMOSA;4;LA LADERA;804;331;650;654;655;654;656
8;VILLA HERMOSA;5;BATALLON GIRARDOT;805;2;2;2;2;2;2
8;VILLA HERMOSA;6;LLANADITAS;806;1511;1543;1565;1611;1589;1590
8;VILLA HERMOSA;7;LOS MANGOS;807;3526;3579;3613;3725;3694;3722
8;VILLA HERMOSA;8;ENCISO;808;2704;2727;2739;2815;2763;2778
8;VILLA HERMOSA;9;SUCRE;809;1411;1425;1425;1486;1500;1518
8;VILLA HERMOSA;10;EL PINAL;810;3029;3057;3071;3176;3121;3146
8;VILLA HERMOSA;11;13 DE NOVIEMBRE;811;1611;1591;1604;1638;1602;1598
8;VILLA HERMOSA;12;LA LIBERTAD;812;1534;1556;1581;1662;1678;1706
8;VILLA HERMOSA;13;VILLATINA;813;2801;2795;2789;2825;2788;2776
8;VILLA HERMOSA;14;SAN ANTONIO;814;1130;1139;1123;1104;1077;1078
8;VILLA HERMOSA;15;LAS ESTANCIAS;815;2029;2031;2033;2045;2040;2045
8;VILLA HERMOSA;16;VILLA TURBAY;816;781;766;765;774;756;758
8;VILLA HERMOSA;17;LA SIERRA;817;775;763;750;767;744;750
8;VILLA HERMOSA;19;VILLA LILIAM;819;1156;1168;1166;1181;1165;1167
8;VILLA HERMOSA;99;ILOCALIZADO VILLA HERMOSA;899;1;1;1;1;1;1
9;BUENOS AIRES;1;JUAN PABLO II;901;508;506;507;516;503;489
9;BUENOS AIRES;2;BARRIO DE JESUS;902;2514;2488;2485;3301;4096;4525
9;BUENOS AIRES;3;BOMBONA # 2;903;4240;4280;4298;4363;4337;4374
9;BUENOS AIRES;4;LOS CERROS EL VERGEL;904;2152;2166;2182;2233;2226;2261
9;BUENOS AIRES;5;ALEJANDRO ECHAVARRIA;905;2662;2596;2593;2614;2610;2613
9;BUENOS AIRES;6;BARRIO CAICEDO;906;1447;1444;1446;1464;1456;1468
9;BUENOS AIRES;7;BUENOS AIRES;907;2086;2099;2115;2149;2142;2181
9;BUENOS AIRES;8;MIRAFLORES;908;2421;2448;2467;2500;2497;2530
9;BUENOS AIRES;9;CATALUNA;909;3030;3029;3034;3059;3044;3049
9;BUENOS AIRES;10;LA MILAGROSA;910;1683;1691;1704;1729;1727;1744
9;BUENOS AIRES;11;GERONA;911;2372;2383;2387;2401;2406;2411
9;BUENOS AIRES;12;EL SALVADOR;912;3533;3555;3555;3624;3611;3623
9;BUENOS AIRES;13;LORETO;913;5734;5752;6028;6302;6239;6470
9;BUENOS AIRES;14;ASOMADERA # 1;914;3269;3750;3763;3996;3991;4446
9;BUENOS AIRES;15;ASOMADERA # 2;915;412;412;413;417;414;568
9;BUENOS AIRES;16;ASOMADERA # 3;916;100;100;100;100;100;100
9;BUENOS AIRES;17;OCHO DE MARZO;917;369;367;367;375;373;381
10;LA CANDELARIA;1;PRADO;1001;2548;2553;2643;2662;2660;2661
10;LA CANDELARIA;3;JESUS NAZARENO;1003;727;731;740;746;743;757
10;LA CANDELARIA;4;EL CHAGUALO;1004;3014;3013;3008;3023;3019;3023
10;LA CANDELARIA;5;ESTACION VILLA;1005;215;215;215;216;214;214
10;LA CANDELARIA;6;SAN BENITO;1006;455;455;454;454;453;452
10;LA CANDELARIA;7;GUAYAQUIL;1007;4;4;4;4;4;4
10;LA CANDELARIA;8;CORAZON DE JESUS;1008;114;114;113;115;115;115
10;LA CANDELARIA;11;CALLE NUEVA;1011;15;15;15;15;15;15
10;LA CANDELARIA;12;PERPETUO SOCORRO;1012;9;8;8;9;8;8
10;LA CANDELARIA;13;BARRIO COLON;1013;1387;1389;1395;1398;1396;1395
10;LA CANDELARIA;14;LAS PALMAS;1014;1641;1654;1668;1711;1700;1709
10;LA CANDELARIA;15;BOMBONA # 1;1015;2435;2609;2601;2788;2865;2944
10;LA CANDELARIA;16;BOSTON;1016;5974;6069;5998;6019;6007;6026
10;LA CANDELARIA;17;LOS ANGELES;1017;1889;1893;1890;1924;1914;1935
10;LA CANDELARIA;18;VILLA NUEVA;1018;2118;2119;2102;2106;2102;2097
10;LA CANDELARIA;19;LA CANDELARIA;1019;1866;1868;1858;1866;1866;1867
10;LA CANDELARIA;20;SAN DIEGO;1020;3216;3230;3238;3255;3347;3373
11;LAURELES;1;CARLOS E. RESTREPO;1101;1554;1554;1554;1682;1680;1679
11;LAURELES;2;SURAMERICANA;1102;1643;1641;1725;1742;1747;1757
11;LAURELES;3;NARANJAL;1103;740;734;736;802;858;867
11;LAURELES;4;SAN JOAQUIN;1104;2604;2626;2671;2717;2736;2789
11;LAURELES;5;LOS CONQUISTADORES;1105;4040;4058;4100;4242;4281;4361
11;LAURELES;7;BOLIVARIANA;1107;1638;1641;1647;1714;1756;1761
11;LAURELES;8;LAURELES;1108;5808;5825;5871;5928;6014;6107
11;LAURELES;9;LAS ACACIAS;1109;2476;2478;2523;2543;2550;2575
11;LAURELES;10;LA CASTELLANA;1110;2480;2522;2559;2627;2638;2693
11;LAURELES;11;LORENA;1111;2907;2924;2948;3095;3167;3177
11;LAURELES;12;EL VELODROMO;1112;1984;2009;2052;2093;2161;2230
11;LAURELES;13;EL ESTADIO;1113;1975;1978;1981;2003;2032;2047
11;LAURELES;14;LOS COLORES;1114;4555;4559;4571;4589;4626;4638
11;LAURELES;15;CUARTA BRIGADA;1115;2285;2286;2286;2287;2286;2287
11;LAURELES;16;U.D. ATANASIO GIRARDOT;1116;1;1;1;1;1;1
11;LAURELES;17;FLORIDA NUEVA;1117;1948;1955;1986;2010;2029;2044
12;LA AMERICA;1;FERRINI;1201;1477;1483;1483;1485;1485;1471
12;LA AMERICA;2;CALASANZ;1202;1556;1558;1697;1776;1854;1906
12;LA AMERICA;3;LOS PINOS;1203;1170;1185;1191;1213;1205;1208
12;LA AMERICA;4;LA AMERICA;1204;3236;3244;3280;3323;3321;3356
12;LA AMERICA;5;LA FLORESTA;1205;3435;3473;3505;3574;3615;3684
12;LA AMERICA;6;SANTA LUCIA;1206;2184;2199;2205;2233;2229;2243
12;LA AMERICA;7;EL DANUBIO;1207;1612;1633;1668;1758;1844;1914
12;LA AMERICA;8;CAMPO ALEGRE;1208;2153;2156;2163;2200;2200;2201
12;LA AMERICA;9;SANTA MONICA;1209;2244;2256;2282;2329;2336;2373
12;LA AMERICA;10;BARRIO CRISTOBAL;1210;2094;2184;2202;2219;2212;2459
12;LA AMERICA;11;SIMON BOLIVAR;1211;1812;1824;1839;1877;1898;1922
12;LA AMERICA;12;SANTA TERESITA;1212;3686;3695;3701;3718;3724;3744
12;LA AMERICA;13;CALASANZ PARTE ALTA;1213;4793;4795;4803;4823;4812;4813
13;SAN JAVIER;1;EL PESEBRE;1301;2700;3291;3290;3295;3267;3277
13;SAN JAVIER;2;BLANQUIZAL;1302;1654;1678;1683;1831;1830;1834
13;SAN JAVIER;3;SANTA ROSA DE LIMA;1303;873;879;879;895;888;888
13;SAN JAVIER;4;LOS ALCAZARES;1304;2213;2274;2293;2314;2403;2423
13;SAN JAVIER;5;METROPOLITANO;1305;640;644;660;677;678;680
13;SAN JAVIER;6;LA PRADERA;1306;3591;3606;3620;3736;3702;3717
13;SAN JAVIER;7;JUAN XXIII LA QUIEBRA;1307;2236;2240;2257;2366;2357;2375
13;SAN JAVIER;8;SAN JAVIER # 2;1308;1252;1258;1263;1295;1287;1299
13;SAN JAVIER;9;SAN JAVIER # 1;1309;1470;1494;1503;1516;1523;1534
13;SAN JAVIER;10;20 DE JULIO;1310;2551;2572;2585;2626;2613;2631
13;SAN JAVIER;11;BELENCITO;1311;1323;1323;1331;1338;1339;1347
13;SAN JAVIER;12;BETANIA;1312;1464;1473;1481;1500;1497;1503
13;SAN JAVIER;13;EL CORAZON;1313;873;880;882;908;896;869
13;SAN JAVIER;14;LAS INDEPENDENCIAS;1314;2699;2698;2674;2711;2658;2652
13;SAN JAVIER;15;NUEVOS CONQUISTADORES;1315;1894;1889;1850;1875;1844;1820
13;SAN JAVIER;16;EL SALADO;1316;3540;3864;3865;3888;3860;3844
13;SAN JAVIER;17;EDUARDO SANTOS;1317;433;446;453;466;477;483
13;SAN JAVIER;18;ANTONIO NARIÑO;1318;3464;3483;3512;3604;3574;3591
13;SAN JAVIER;19;EL SOCORRO;1319;1139;1139;1146;1604;1580;1588
13;SAN JAVIER;99;ILOCALIZADO  SAN JAVIER;1399;1;#N/D;#N/D;#N/D;#N/D;#N/D
14;EL POBLADO;1;BARRIO COLOMBIA;1401;26;24;24;23;23;23
14;EL POBLADO;3;VILLA CARLOTA;1403;1904;1903;1903;2278;2338;2338
14;EL POBLADO;4;CASTROPOL;1404;3568;3711;4076;4454;4529;4529
14;EL POBLADO;5;LALINDE;1405;1148;1148;1148;1326;1326;1383
14;EL POBLADO;6;LAS LOMAS # 1;1406;1619;1672;1741;1742;1740;1742
14;EL POBLADO;7;LAS LOMAS # 2;1407;1018;1123;1124;1148;1148;1120
14;EL POBLADO;8;ALTOS DEL POBLADO;1408;1322;1416;1462;1565;1722;1770
14;EL POBLADO;9;EL TESORO;1409;3893;3979;3979;4114;4160;4214
14;EL POBLADO;10;LOS NARANJOS;1410;2381;2389;2473;2478;2562;2564
14;EL POBLADO;11;LOS BALSOS # 1;1411;3399;3419;3519;3855;3988;4028
14;EL POBLADO;12;SAN LUCAS;1412;2741;2740;2764;2976;2962;2985
14;EL POBLADO;13;EL DIAMANTE # 2;1413;3250;3249;3249;3371;3382;3383
14;EL POBLADO;14;EL CASTILLO;1414;760;756;756;844;876;876
14;EL POBLADO;15;LOS BALSOS # 2;1415;2598;2597;2597;2597;2596;2597
14;EL POBLADO;16;ALEJANDRIA;1416;1974;1971;2004;2101;2131;2131
14;EL POBLADO;17;LA FLORIDA;1417;3772;3806;3807;3970;3964;3966
14;EL POBLADO;18;EL POBLADO;1418;325;311;318;320;317;283
14;EL POBLADO;19;MANILA;1419;591;588;595;606;599;619
14;EL POBLADO;20;ASTORGA;1420;650;640;640;642;642;643
14;EL POBLADO;21;PATIO BONITO;1421;2633;2624;2624;2624;2624;2624
14;EL POBLADO;22;LA AGUACATALA;1422;1627;1625;1625;1626;1623;1569
14;EL POBLADO;23;SANTA MARIA DE LOS ANGELES;1423;3365;3365;3370;3577;3626;3640
15;GUAYABAL;2;TENCHE;1502;1;1;#N/D;#N/D;#N/D;#N/D
15;GUAYABAL;3;TRINIDAD;1503;2513;2535;2538;2596;2580;2601
15;GUAYABAL;4;SANTA FE;1504;2819;2837;2854;2908;2901;2920
15;GUAYABAL;6;AEROPARQUE JUAN PABLO II;1506;145;145;145;144;144;144
15;GUAYABAL;7;CAMPO AMOR;1507;2070;2088;2098;2134;2130;2140
15;GUAYABAL;9;CRISTO REY;1509;3590;3636;3651;3799;3780;3817
15;GUAYABAL;10;GUAYABAL;1510;592;592;588;603;597;602
15;GUAYABAL;11;LA COLINA;1511;4679;4711;4734;4811;4805;4841
16;BELEN;1;FATIMA;1601;3078;3091;3107;3182;3182;3205
16;BELEN;2;ROSALES;1602;2665;2723;2741;2843;2887;3049
16;BELEN;3;BELEN;1603;3204;3228;3230;3241;3265;3262
16;BELEN;4;GRANADA;1604;1183;1203;1217;1252;1258;1263
16;BELEN;5;SAN BERNARDO;1605;5601;5682;5716;5849;5873;5916
16;BELEN;6;LAS PLAYAS;1606;2788;2834;2853;2887;2889;2898
16;BELEN;7;DIEGO ECHAVARRIA;1607;1778;1789;1790;1821;1826;1832
16;BELEN;8;LA MOTA;1608;3434;3435;3435;3541;3540;3479
16;BELEN;9;LA HONDONADA;1609;5260;5451;5519;5974;6293;6619
16;BELEN;10;EL RINCON;1610;5621;5646;5665;5824;5928;5932
16;BELEN;11;LOMA DE LOS BERNAL;1611;5911;5910;6093;6323;6270;6270
16;BELEN;12;LA GLORIA;1612;3901;3915;3934;3957;3955;3966
16;BELEN;13;ALTAVISTA;1613;3048;3074;3074;3100;3085;3106
16;BELEN;14;LA PALMA;1614;2139;2139;2152;2172;2202;2210
16;BELEN;15;LOS ALPES;1615;2140;2162;2161;2166;2264;2281
16;BELEN;16;LAS VIOLETAS;1616;2465;2489;2500;2534;2529;2528
16;BELEN;17;LAS MERCEDES;1617;3083;3090;3103;3124;3116;3122
16;BELEN;18;NUEVA VILLA DE ABURRA;1618;1091;1091;1092;1092;1093;1094
16;BELEN;19;MIRAVALLE;1619;1540;1545;1552;1584;1602;1595
16;BELEN;20;EL NOGAL - LOS ALMENDROS;1620;1373;1363;1398;1439;1536;1575
16;BELEN;21;CERRO NUTIBARA;1621;399;399;398;398;398;398
50;PALMITAS;1;VDA LA SUIZA;5001;56;56;57;63;59;61
50;PALMITAS;2;VDA LA FRISOLERA;5002;212;214;214;227;219;218
50;PALMITAS;3;VDA LA VOLCANA Y GUAYABAL;5003;92;94;95;98;94;88
50;PALMITAS;4;VDA PALMITAS;5004;58;58;57;60;60;60
50;PALMITAS;5;VDA LA ALDEA;5005;25;25;25;29;32;30
50;PALMITAS;6;VDA LA POTRERA MISERENGA;5006;139;135;135;137;135;134
50;PALMITAS;7;VDA LA URQUITA;5007;98;99;100;111;99;97
50;PALMITAS;86;SUBURBANO URQUITA;5086;64;64;64;69;64;62
50;PALMITAS;87;SUBURBANO POTRERA MISERENGA;5087;185;185;184;184;178;181
50;PALMITAS;88;SUBURBANO LA ALDEA;5088;96;98;99;102;98;99
50;PALMITAS;89;SUBURBANO PALMITAS;5089;106;107;113;113;111;110
60;SAN CRISTOBAL;0;CABECERA SAN CRISTOBAL;6000;3127;3135;3149;3452;3442;3439
60;SAN CRISTOBAL;1;VDA LA LOMA;6001;211;212;215;224;210;213
60;SAN CRISTOBAL;2;VDA LA PALMA PATIO;6002;74;75;74;86;73;78
60;SAN CRISTOBAL;3;VDA LAS PLAYAS;6003;100;100;100;110;98;105
60;SAN CRISTOBAL;4;VDA EL UVITO;6004;18;18;18;26;18;19
60;SAN CRISTOBAL;5;VDA NARANJAL;6005;56;56;57;73;58;59
60;SAN CRISTOBAL;6;VDA LA CUCHILLA;6006;53;49;49;54;44;43
60;SAN CRISTOBAL;7;VDA EL LLANO;6007;21;21;21;21;20;21
60;SAN CRISTOBAL;8;VDA TRAVESIAS;6008;67;66;66;70;64;59
60;SAN CRISTOBAL;9;VDA PEDREGAL ALTO;6009;213;211;211;222;210;218
60;SAN CRISTOBAL;10;VDA PEDREGAL BAJO;6010;14;14;14;15;13;13
60;SAN CRISTOBAL;11;VDA PAJARITO;6011;10;10;10;12;10;10
60;SAN CRISTOBAL;12;VDA EL PICACHO;6012;481;495;519;578;612;691
60;SAN CRISTOBAL;13;VDA EL CARMELO;6013;28;27;27;34;27;27
60;SAN CRISTOBAL;14;VDA YOLOMBO;6014;132;126;123;155;124;132
60;SAN CRISTOBAL;15;VDA SAN JOSE DE LA MONTAÑA;6015;226;225;224;271;224;232
60;SAN CRISTOBAL;16;VDA BOQUERON;6016;105;103;103;115;104;113
60;SAN CRISTOBAL;17;VDA LA LOMA ORIENTAL;6017;752;743;751;774;740;749
60;SAN CRISTOBAL;84;SUBURBANO LA LOMA;6084;2397;2408;2413;2453;2441;2486
60;SAN CRISTOBAL;85;SUBURBANO PALMA PATIO;6085;442;444;447;488;465;478
60;SAN CRISTOBAL;86;SUBURBANO LA CUCHILLA;6086;59;59;58;64;58;64
60;SAN CRISTOBAL;87;SUBURBANO TRAVESIAS;6087;962;969;972;998;1019;1048
60;SAN CRISTOBAL;88;SUBURBANO EL LLANO;6088;221;223;223;239;223;238
60;SAN CRISTOBAL;89;SUBURBANO PEDREGAL ALTO;6089;278;274;270;279;268;278
60;SAN CRISTOBAL;96;ZONA EXPANSION EDUARDO SANTOS;6096;1;1;1;2;1;1
60;SAN CRISTOBAL;97;ZONA EXPANSION ALTOS DE CALASANZ;6097;1686;2338;2494;2574;2928;3009
60;SAN CRISTOBAL;98;ZONA EXPANSION PAJARITO;6098;11095;11547;12819;13890;15392;15397
60;SAN CRISTOBAL;99;ILOCALIZADO SAN CRISTOBAL;6099;143;130;127;126;23;21
70;ALTAVISTA;1;VDA ALTAVISTA;7001;1042;1047;1060;1109;1082;1109
70;ALTAVISTA;2;VDA AGUAS FRIAS;7002;543;540;540;602;538;595
70;ALTAVISTA;83;SUBURBANO LA ESPERANZA;7083;145;145;145;147;145;148
70;ALTAVISTA;84;SUBURBANO PATIO BONITO;7084;295;297;297;312;300;307
70;ALTAVISTA;85;SUBURBANO SAN PABLO;7085;544;540;536;535;523;526
70;ALTAVISTA;86;SUBURBANO AGUAS FRIAS;7086;68;62;62;63;62;62
70;ALTAVISTA;87;SUBURBANO ALTAVISTA;7087;650;650;650;659;648;654
70;ALTAVISTA;88;SUBURBANO EL CORAZON;7088;646;645;647;664;649;697
70;ALTAVISTA;89;SUBURBANO EL MANZANILLO;7089;266;269;269;276;271;278
70;ALTAVISTA;96;ZONA DE EXPANSION ALTAVISTA;7096;1116;1118;1117;1121;1118;1122
70;ALTAVISTA;97;ZONA DE EXPANSION BELEN RINCON;7097;2053;2500;2600;3068;3321;3819
70;ALTAVISTA;98;ZONA EXPANSION EL NORAL;7098;2;2;2;2;2;2
70;ALTAVISTA;99;ILOCALIZADO  ALTAVISTA;7099;28;23;22;22;20;20
80;SAN ANTONIO DE PRADO;0;CABECERA SAN ANTONIO DE PRADO;8000;19761;20063;20807;22417;22514;22826
80;SAN ANTONIO DE PRADO;1;VDA EL VERGEL;8001;40;40;40;50;41;41
80;SAN ANTONIO DE PRADO;2;VDA LA FLORIDA;8002;171;173;174;193;173;172
80;SAN ANTONIO DE PRADO;3;VDA POTRERITO;8003;142;142;142;160;141;135
80;SAN ANTONIO DE PRADO;4;VDA LA OCULTA;8004;302;301;301;349;303;303
80;SAN ANTONIO DE PRADO;5;VDA LA VERDE;8005;243;243;243;292;243;243
80;SAN ANTONIO DE PRADO;6;VDA EL SALADO;8006;117;117;117;135;116;114
80;SAN ANTONIO DE PRADO;7;VDA EL ASTILLERO;8007;64;64;63;71;62;62
80;SAN ANTONIO DE PRADO;8;VDA YARUMALITO;8008;52;53;53;63;54;55
80;SAN ANTONIO DE PRADO;89;SUBURBANO POTRERITO;8089;67;67;67;73;67;67
80;SAN ANTONIO DE PRADO;98;ZONA EXPANSION SAN ANTONIO;8098;611;615;622;654;824;1083
90;SANTA ELENA;1;VDA EL CERRO;9001;165;165;167;212;168;185
90;SANTA ELENA;2;VDA EL LLANO;9002;21;21;21;21;20;21
90;SANTA ELENA;3;VDA EL PLAN;9003;118;117;116;136;111;119
90;SANTA ELENA;4;VDA LAS PALMAS;9004;282;285;286;323;296;309
90;SANTA ELENA;5;VDA MEDIA LUNA;9005;493;492;493;545;511;539
90;SANTA ELENA;6;VDA SANTA ELENA CENTRAL;9006;94;94;94;117;93;97
90;SANTA ELENA;7;VDA EL PLACER;9007;88;85;86;91;85;86
90;SANTA ELENA;8;VDA PIEDRAS BLANCAS;9008;1769;1847;1884;1977;2005;2226
90;SANTA ELENA;11;VDA PIEDRAS BLANCAS REPRESA;9011;253;252;252;267;249;265
90;SANTA ELENA;12;VDA PIEDRA GORDA;9012;119;119;119;134;118;119
90;SANTA ELENA;13;VDA BARRO BLANCO;9013;180;178;178;199;183;192
90;SANTA ELENA;77;SUBURBANO EL TESORO;9077;90;91;91;110;96;96
90;SANTA ELENA;78;SUBURBANO EL CERRO;9078;35;35;35;43;35;34
90;SANTA ELENA;79;SUBURBANO PIEDRA GORDA;9079;58;59;59;61;59;63
90;SANTA ELENA;80;SUBURBANO BARRO BLANCO;9080;66;67;68;72;67;70
90;SANTA ELENA;81;SUBURBANO EL PLACER;9081;196;199;200;216;204;211
90;SANTA ELENA;82;SUBURBANO CHACALTAYA;9082;43;43;43;53;43;42
90;SANTA ELENA;83;SUBURBANO MIRADOR DEL POBLADO;9083;92;95;96;103;102;100
90;SANTA ELENA;84;SUBURBANO SANTA ELENA CENTRAL;9084;91;92;90;107;91;93
90;SANTA ELENA;85;SUBURBANO EL LLANO;9085;221;223;223;239;223;238
90;SANTA ELENA;86;SUBURBANO EL PLAN;9086;353;359;359;866;390;414
90;SANTA ELENA;87;SUBURBANO MATASANO # 3;9087;2;2;2;4;2;2
90;SANTA ELENA;88;SUBURBANO MATASANO # 2;9088;7;7;7;14;7;8
90;SANTA ELENA;89;SUBURBANO MATASANO # 1;9089;33;33;33;82;33;35
90;SANTA ELENA;99;ILOCALIZADO SANTA ELENA;9099;15;9;8;16;8;7
